Workbook

Sheet 00_Category_Summary
A1: Tab No | B1: Category Sheet Name | C1: Total Unique Items (Count) | D1: Total ROB Quantity (ROB) | E1: Operational Status
A2: [15] | B2: 15_Cabin_Store | C2: =COUNTA('15_Cabin_Store'!A:A)-1 | D2: =SUM('15_Cabin_Store'!E:E) | E2: =IF(C2>0, "ACTIVE", "EMPTY")
A3: [17] | B3: 17_Tableware_Galley | C3: =COUNTA('17_Tableware_Galley'!A:A)-1 | D3: =SUM('17_Tableware_Galley'!E:E) | E3: =IF(C3>0, "ACTIVE", "EMPTY")
A4: [19] | B4: 19_Clothing_Protective | C4: =COUNTA('19_Clothing_Protective'!A:A)-1 | D4: =SUM('19_Clothing_Protective'!E:E) | E4: =IF(C4>0, "ACTIVE", "EMPTY")
A5: [21] | B5: 21_Ropes_Hawsers | C5: =COUNTA('21_Ropes_Hawsers'!A:A)-1 | D5: =SUM('21_Ropes_Hawsers'!E:E) | E5: =IF(C5>0, "ACTIVE", "EMPTY")
A6: [23] | B6: 23_Rigging_Deck | C6: =COUNTA('23_Rigging_Deck'!A:A)-1 | D6: =SUM('23_Rigging_Deck'!E:E) | E6: =IF(C6>0, "ACTIVE", "EMPTY")
A7: [25] | B7: 25_Marine_Paint | C7: =COUNTA('25_Marine_Paint'!A:A)-1 | D7: =SUM('25_Marine_Paint'!E:E) | E7: =IF(C7>0, "ACTIVE", "EMPTY")
A8: [31] | B8: 31_Safety_Protective | C8: =COUNTA('31_Safety_Protective'!A:A)-1 | D8: =SUM('31_Safety_Protective'!E:E) | E8: =IF(C8>0, "ACTIVE", "EMPTY")
A9: [33] | B9: 33_Safety_LSA_FFA | C9: =COUNTA('33_Safety_LSA_FFA'!A:A)-1 | D9: =SUM('33_Safety_LSA_FFA'!E:E) | E9: =IF(C9>0, "ACTIVE", "EMPTY")
A10: [35] | B10: 35_Hoses_Couplings | C10: =COUNTA('35_Hoses_Couplings'!A:A)-1 | D10: =SUM('35_Hoses_Couplings'!E:E) | E10: =IF(C10>0, "ACTIVE", "EMPTY")
A11: [37] | B11: 37_Nautical_Flags | C11: =COUNTA('37_Nautical_Flags'!A:A)-1 | D11: =SUM('37_Nautical_Flags'!E:E) | E11: =IF(C11>0, "ACTIVE", "EMPTY")
A12: [39] | B12: 39_Medical_Medicine | C12: =COUNTA('39_Medical_Medicine'!A:A)-1 | D12: =SUM('39_Medical_Medicine'!E:E) | E12: =IF(C12>0, "ACTIVE", "EMPTY")
A13: [45] | B13: 45_Petroleum_Chemicals | C13: =COUNTA('45_Petroleum_Chemicals'!A:A)-1 | D13: =SUM('45_Petroleum_Chemicals'!E:E) | E13: =IF(C13>0, "ACTIVE", "EMPTY")
A14: [47] | B14: 47_Stationery | C14: =COUNTA('47_Stationery'!A:A)-1 | D14: =SUM('47_Stationery'!E:E) | E14: =IF(C14>0, "ACTIVE", "EMPTY")
A15: [51] | B15: 51_Brushes_Cleaning | C15: =COUNTA('51_Brushes_Cleaning'!A:A)-1 | D15: =SUM('51_Brushes_Cleaning'!E:E) | E15: =IF(C15>0, "ACTIVE", "EMPTY")
A16: [53] | B16: 53_Lavatory_Sanitary | C16: =COUNTA('53_Lavatory_Sanitary'!A:A)-1 | D16: =SUM('53_Lavatory_Sanitary'!E:E) | E16: =IF(C16>0, "ACTIVE", "EMPTY")
A17: [55] | B17: 55_Cleaning_Detergents | C17: =COUNTA('55_Cleaning_Detergents'!A:A)-1 | D17: =SUM('55_Cleaning_Detergents'!E:E) | E17: =IF(C17>0, "ACTIVE", "EMPTY")
A18: [59] | B18: 59_Pneumatic_Tools | C18: =COUNTA('59_Pneumatic_Tools'!A:A)-1 | D18: =SUM('59_Pneumatic_Tools'!E:E) | E18: =IF(C18>0, "ACTIVE", "EMPTY")
A19: [61] | B19: 61_Hand_Tools | C19: =COUNTA('61_Hand_Tools'!A:A)-1 | D19: =SUM('61_Hand_Tools'!E:E) | E19: =IF(C19>0, "ACTIVE", "EMPTY")
A20: [63] | B20: 63_Cutting_Tools | C20: =COUNTA('63_Cutting_Tools'!A:A)-1 | D20: =SUM('63_Cutting_Tools'!E:E) | E20: =IF(C20>0, "ACTIVE", "EMPTY")
A21: [65] | B21: 65_Measuring_Gauges | C21: =COUNTA('65_Measuring_Gauges'!A:A)-1 | D21: =SUM('65_Measuring_Gauges'!E:E) | E21: =IF(C21>0, "ACTIVE", "EMPTY")
A22: [67] | B22: 67_Steel_Metal | C22: =COUNTA('67_Steel_Metal'!A:A)-1 | D22: =SUM('67_Steel_Metal'!E:E) | E22: =IF(C22>0, "ACTIVE", "EMPTY")
A23: [69] | B23: 69_Bolts_Nuts_Screws | C23: =COUNTA('69_Bolts_Nuts_Screws'!A:A)-1 | D23: =SUM('69_Bolts_Nuts_Screws'!E:E) | E23: =IF(C23>0, "ACTIVE", "EMPTY")
A24: [71] | B24: 71_Pipes_Tubes | C24: =COUNTA('71_Pipes_Tubes'!A:A)-1 | D24: =SUM('71_Pipes_Tubes'!E:E) | E24: =IF(C24>0, "ACTIVE", "EMPTY")
A25: [73] | B25: 73_Pipe_Fittings | C25: =COUNTA('73_Pipe_Fittings'!A:A)-1 | D25: =SUM('73_Pipe_Fittings'!E:E) | E25: =IF(C25>0, "ACTIVE", "EMPTY")
A26: [75] | B26: 75_Valves_Cocks | C26: =COUNTA('75_Valves_Cocks'!A:A)-1 | D26: =SUM('75_Valves_Cocks'!E:E) | E26: =IF(C26>0, "ACTIVE", "EMPTY")
A27: [77] | B27: 77_Bearings | C27: =COUNTA('77_Bearings'!A:A)-1 | D27: =SUM('77_Bearings'!E:E) | E27: =IF(C27>0, "ACTIVE", "EMPTY")
A28: [79] | B28: 79_Electrical_Lighting | C28: =COUNTA('79_Electrical_Lighting'!A:A)-1 | D28: =SUM('79_Electrical_Lighting'!E:E) | E28: =IF(C28>0, "ACTIVE", "EMPTY")
A29: [81] | B29: 81_Packing_Adhesives | C29: =COUNTA('81_Packing_Adhesives'!A:A)-1 | D29: =SUM('81_Packing_Adhesives'!E:E) | E29: =IF(C29>0, "ACTIVE", "EMPTY")
A30: [83] | B30: 83_Welding_Unitor | C30: =COUNTA('83_Welding_Unitor'!A:A)-1 | D30: =SUM('83_Welding_Unitor'!E:E) | E30: =IF(C30>0, "ACTIVE", "EMPTY")
A31: [85] | B31: 85_Welding_Electrodes | C31: =COUNTA('85_Welding_Electrodes'!A:A)-1 | D31: =SUM('85_Welding_Electrodes'!E:E) | E31: =IF(C31>0, "ACTIVE", "EMPTY")
A32: [87] | B32: 87_Welfare_Equip | C32: =COUNTA('87_Welfare_Equip'!A:A)-1 | D32: =SUM('87_Welfare_Equip'!E:E) | E32: =IF(C32>0, "ACTIVE", "EMPTY")
A33: [99] | B33: 99_Custom_Uncoded | C33: =COUNTA('99_Custom_Uncoded'!A:A)-1 | D33: =SUM('99_Custom_Uncoded'!E:E) | E33: =IF(C33>0, "ACTIVE", "EMPTY")
A34: GRAND TOTAL | B34: All 32 Categories Unified | C34: =SUM(C2:C33) | D34: =SUM(D2:D33) | E34: 100% PERFECT

Sheet 15_Cabin_Store
A1: IMPA / ITEM CODE | B1: DESCRIPTION & ARTICLES | C1: CODE TYPE | D1: UNIT | E1: ON HAND QTY (ROB) | F1: LOCATION | G1: REMARKS
A2: CUST-15-001 | B2: Small Towel | C2: Special Assigned | D2: PCS | E2: 0 | F2: DECK STORE
A3: 150141 | B3: Bed Sheets Blue, 1,370 x 2,300 mm | C3: Standard IMPA | D3: PCS | E3: 0 | F3: DECK STORE
A4: 150146 | B4: Bed sheets, size 1500 x 2400 mm | C4: Standard IMPA | D4: PCS | E4: 0 | F4: DECK STORE
A5: 150161 | B5: Bed Sheet, Blue, W 2030 X L 2400 mm | C5: Standard IMPA | D5: PCS | E5: 0 | F5: DECK STORE
A6: 150162 | B6: BED SHEETS COLOUR BLUE WIDTH 2030 MM LENGTH 2500 MM | C6: Standard IMPA | D6: PCS | E6: 0 | F6: DECK STORE
A7: 150283 | B7: Pillow, polyurethan feather, 690 x 460 mm | C7: Standard IMPA | D7: PCS | E7: 0 | F7: DECK STORE
A8: 150286 | B8: PILLOW CASE WHITE 750 X 500X 200 MM | C8: Standard IMPA | D8: PCS | E8: 0 | F8: DECK STORE
A9: 150287 | B9: Pillow Case Blue, Size 750 x 500 x 200 mm | C9: Standard IMPA | D9: PCS | E9: 0 | F9: DECK STORE
A10: 150287 | B10: Pillow case blue. 750 x 500 x 200 mm | C10: Standard IMPA | D10: PCS | E10: 0 | F10: DECK STORE
A11: 150287 | B11: PILLOWS CASE BLUE, 750 X 500 X 200 MM | C11: Standard IMPA | D11: PCS | E11: 0 | F11: DECK STORE
A12: 150302 | B12: WOOL 100 % BLANKETS CAMEL 1400 X 2000 MM | C12: Standard IMPA | D12: PCS | E12: 0 | F12: DECK STORE
A13: 150303 | B13: Wool 100% Blankets, Colour Blue, Size 1400 X 2000 mm | C13: Standard IMPA | D13: PCS | E13: 0 | F13: DECK STORE
... A31: 150641 | B31: TABLE CLOTHS PLAIN 25 MTRS SQUARE TYPE MATERIAL COTTON | C31: Standard IMPA | D31: PCS | E31: 0 | F31: DECK STORE

Sheet 17_Tableware_Galley
A1: IMPA / ITEM CODE | B1: DESCRIPTION & ARTICLES | C1: CODE TYPE | D1: UNIT | E1: ON HAND QTY (ROB) | F1: LOCATION | G1: REMARKS
A2: CUST-17-001 | B2: Automatic washing machine, Capacity 10kg- 110V | C2: Special Assigned | D2: PCS | E2: 0 | F2: DECK STORE
A3: CUST-17-002 | B3: Blender for meatball (Blender untuk membuat bakso) | C3: Special Assigned | D3: PCS | E3: 0 | F3: DECK STORE
A4: CUST-17-003 | B4: CETAKAN KUE LUMPUR | C4: Special Assigned | D4: PCS | E4: 0 | F4: DECK STORE
A5: CUST-17-004 | B5: CETAKAN PUKIS | C5: Special Assigned | D5: PCS | E5: 0 | F5: DECK STORE
A6: CUST-17-005 | B6: Detergent @1,8Kgs/pkt, Brand "RINSO ANTI NODA +" | C6: Special Assigned | D6: PCS | E6: 0 | F6: DECK STORE
A7: CUST-17-006 | B7: Facial tissue paper, Paseo / Nice, 250 sheets/pkt | C7: Special Assigned | D7: PCS | E7: 0 | F7: DECK STORE
A8: CUST-17-007 | B8: Liquid soap for galley (dish, tableware & kitchen utensils), "SUNLIGHT", 1000 ml/btl | C8: Special Assigned | D8: PCS | E8: 0 | F8: DECK STORE
A9: CUST-17-008 | B9: Pembersih Lantai SOKLIN, 800 ml/btl | C9: Special Assigned | D9: PCS | E9: 0 | F9: DECK STORE
A10: CUST-17-009 | B10: PENGGILINGAN PASTEL STAINLESS | C10: Special Assigned | D10: PCS | E10: 0 | F10: DECK STORE
A11: CUST-17-010 | B11: Plastic Bags for Garbage Disposal, Strong material, Black 20 x 35 cm (10sht/pkt) | C11: Special Assigned | D11: PCS | E11: 0 | F11: DECK STORE
A12: CUST-17-011 | B12: Plastic Bags for Garbage Disposal, Strong material, Black 60 x 100 cm (10sht/pkt) | C12: Special Assigned | D12: PCS | E12: 0 | F12: DECK STORE
A13: CUST-17-012 | B13: Plastic Bags for Garbage Disposal, Strong material, Black 90 x 120 cm (10sht/pkt) | C13: Special Assigned | D13: PCS | E13: 0 | F13: DECK STORE
... A167: 177733 | B167: Metallic oilers, Type piston pump, Capacity 250 cc, material cast iron | C167: Standard IMPA | D167: PCS | E167: 0 | F167: DECK STORE

Sheet 19_Clothing_Protective
A1: IMPA / ITEM CODE | B1: DESCRIPTION & ARTICLES | C1: CODE TYPE | D1: UNIT | E1: ON HAND QTY (ROB) | F1: LOCATION | G1: REMARKS
A2: CUST-19-001 | B2: HEAD SCBA MASK, Maker : INTERSPIRO, Type SPIROMATIC 90 U | C2: Special Assigned | D2: PCS | E2: 0 | F2: DECK STORE
A3: CUST-19-002 | B3: RAIN COAT SIZE L,XL | C3: Special Assigned | D3: PCS | E3: 0 | F3: DECK STORE
A4: CUST-19-003 | B4: Raincoat Size Jumbo | C4: Special Assigned | D4: PCS | E4: 0 | F4: DECK STORE
A5: 190101 | B5: COTTON WORKING GLOVES (ORDINARY) | C5: Standard IMPA | D5: PCS | E5: 0 | F5: DECK STORE
A6: 190101 | B6: Glove, Cotton working ordinary ( 8 Benang/Tebal ) | C6: Standard IMPA | D6: PCS | E6: 0 | F6: DECK STORE
A7: 190101 | B7: Gloves, cotton working ordinary | C7: Standard IMPA | D7: PCS | E7: 0 | F7: DECK STORE
A8: 190101 | B8: Ordinary cotton working gloves | C8: Standard IMPA | D8: PCS | E8: 0 | F8: DECK STORE
A9: 190103 | B9: COTTON WORKING GLOVES (NON SLIP DOTS) | C9: Standard IMPA | D9: PCS | E9: 0 | F9: DECK STORE
A10: 190104 | B10: GLOVES WORKING COTTON ORDINARY / Sarung Tangan kerja | C10: Standard IMPA | D10: PCS | E10: 0 | F10: DECK STORE
A11: 190104 | B11: Gloves working cutton ordinary / Sarung Tangan Kerja | C11: Standard IMPA | D11: PCS | E11: 0 | F11: DECK STORE
A12: 190111 | B12: LEATHER PALM WORKING GLOVES | C12: Standard IMPA | D12: PCS | E12: 0 | F12: DECK STORE
A13: 190112 | B13: Gloves, Working, calf skin, soft | C13: Standard IMPA | D13: PCS | E13: 0 | F13: DECK STORE
... A24: 190403 | B24: Rain suit LL size vinyl | C24: Standard IMPA | D24: PCS | E24: 0 | F24: DECK STORE

Sheet 21_Ropes_Hawsers
A1: IMPA / ITEM CODE | B1: DESCRIPTION & ARTICLES | C1: CODE TYPE | D1: UNIT | E1: ON HAND QTY (ROB) | F1: LOCATION | G1: REMARKS
A2: CUST-21-001 | B2: Nozzle/cutting tip acetyline no.2 | C2: Special Assigned | D2: PCS | E2: 0 | F2: DECK STORE
A3: CUST-21-002 | B3: Polyester & Polypropylene Mixed Rope 8-Strand Diam. 60mm Lenght. 200 M Linear Density 1750 Breaking Force 558 KN | C3: Special Assigned | D3: PCS | E3: 0 | F3: DECK STORE
A4: 211201 | B4: Vinylon rope (Kuremona rope), 3-strand, Diam 8 mm X 220 mtr Length | C4: Standard IMPA | D4: PCS | E4: 0 | F4: DECK STORE
A5: 211203 | B5: Vinylon rope, 3-strand, dia Ø = 10 mm x 200 mtrs (kuremona Rope) | C5: Standard IMPA | D5: PCS | E5: 0 | F5: DECK STORE
A6: 211204 | B6: Vinylon rope, 3-strand, dia Ø = 12 mm x 100 mtrs (kuremona Rope) | C6: Standard IMPA | D6: PCS | E6: 0 | F6: DECK STORE
A7: 211221 | B7: Vinylon rope (Kuremona rope), 3-strand, Diam 8 mm X 220 mtr Length | C7: Standard IMPA | D7: PCS | E7: 0 | F7: DECK STORE
A8: 211233 | B8: Vinylon rope (Kuremona rope), 3-strand, Diam 30 mm X 220 mtr Length | C8: Standard IMPA | D8: PCS | E8: 0 | F8: DECK STORE
A9: 211271 | B9: 3-STRAND HEAVING LINES (1"/8) | C9: Standard IMPA | D9: PCS | E9: 0 | F9: DECK STORE
A10: 211271 | B10: Heaving Line 8mm x 200mtr | C10: Standard IMPA | D10: PCS | E10: 0 | F10: DECK STORE
A11: 211271 | B11: STANDART HEAVING LINE (200 MTR) | C11: Standard IMPA | D11: PCS | E11: 0 | F11: DECK STORE
A12: 211351 | B12: 3-STRAND POLYETHYLENE TIGER ROPE (3/4"/ 6) | C12: Standard IMPA | D12: PCS | E12: 0 | F12: DECK STORE
A13: 211422 | B13: Seizing twine manila.2.5 kgs ball | C13: Standard IMPA | D13: PCS | E13: 0 | F13: DECK STORE
... A16: 214501 | B16: Sling, Wire rope, Both Eye Spliced (thimble-thimble). Pressed thimble JIS Type (mechanical Splices), DIA 32 mm, Length 25 m | C16: Standard IMPA | D16: PCS | E16: 0 | F16: DECK STORE

Sheet 23_Rigging_Deck
A1: IMPA / ITEM CODE | B1: DESCRIPTION & ARTICLES | C1: CODE TYPE | D1: UNIT | E1: ON HAND QTY (ROB) | F1: LOCATION | G1: REMARKS
A2: CUST-23-001 | B2: Copaltite, Liquid Form, 5 Oz.net HIGH TEMPERATURE Sealing compound | C2: Special Assigned | D2: PCS | E2: 0 | F2: DECK STORE
A3: CUST-23-002 | B3: Stainless steel pelican hook for liferaft | C3: Special Assigned | D3: PCS | E3: 0 | F3: DECK STORE
A4: 230174 | B4: STRAIGHT SHACKLES - SD, WITH EYE BOLT, BODY DIA = 16 MM, OPENING = 32MM, SWL = 1 TON | C4: Standard IMPA | D4: PCS | E4: 0 | F4: DECK STORE
A5: 230175 | B5: STRAIGHT SHACKLES - SD, WITH EYE BOLT, BODY DIA = 20 MM, OPENING = 40MM, SWL = 1.5 TON | C5: Standard IMPA | D5: PCS | E5: 0 | F5: DECK STORE
A6: 230347 | B6: Screw pin ''D''shackle size 20mm swl 1 ton | C6: Standard IMPA | D6: PCS | E6: 0 | F6: DECK STORE
A7: 230548 | B7: Turnbuckles Eye and Hook, Galvanized Size 9 mm x 150 mm | C7: Standard IMPA | D7: PCS | E7: 0 | F7: DECK STORE
A8: 230908 | B8: Wire Ropes Thimbles (A type), wire diamm. 18mm | C8: Standard IMPA | D8: PCS | E8: 0 | F8: DECK STORE
A9: 231185 | B9: Stainless steel connecting links, WLL 200 kgf (1.96 kN), DxLxW 8x24x12 mm, weight 35 grm | C9: Standard IMPA | D9: PCS | E9: 0 | F9: DECK STORE
A10: 231188 | B10: Stainless steel connecting links, WLL 550 kgf (5.39 kN), DxLxW 13x37x19 mm, weight 128 grm | C10: Standard IMPA | D10: PCS | E10: 0 | F10: DECK STORE
A11: 231459 | B11: Bow shackle, Galvanis, with aye bolt | C11: Standard IMPA | D11: PCS | E11: 0 | F11: DECK STORE
A12: 232012 | B12: Pilot ladder preventer ( spreader ) L 1800 X W115 X T25mm | C12: Standard IMPA | D12: PCS | E12: 0 | F12: DECK STORE
A13: 232044 | B13: Split distance piece for 24 mm manila rope H60 X W52XT28 | C13: Standard IMPA | D13: PCS | E13: 0 | F13: DECK STORE
... A42: 234237 | B42: Anchor shackle SWL 12 T | C42: Standard IMPA | D42: PCS | E42: 0 | F42: DECK STORE

Sheet 25_Marine_Paint
A1: IMPA / ITEM CODE | B1: DESCRIPTION & ARTICLES | C1: CODE TYPE | D1: UNIT | E1: ON HAND QTY (ROB) | F1: LOCATION | G1: REMARKS
A2: 251281 | B2: Spray Marking Paint (Pylox) 400 cc - White | C2: Standard IMPA | D2: PCS | E2: 0 | F2: DECK STORE
A3: 251283 | B3: Spray Marking Paint (Pylox) 400 cc - Black | C3: Standard IMPA | D3: PCS | E3: 0 | F3: DECK STORE
A4: 251283 | B4: Spray Marking Paint (Pylox) 400 cc - Red | C4: Standard IMPA | D4: PCS | E4: 0 | F4: DECK STORE
A5: 251715 | B5: RUST REMOVER | C5: Standard IMPA | D5: PCS | E5: 0 | F5: DECK STORE

Sheet 31_Safety_Protective
A1: IMPA / ITEM CODE | B1: DESCRIPTION & ARTICLES | C1: CODE TYPE | D1: UNIT | E1: ON HAND QTY (ROB) | F1: LOCATION | G1: REMARKS
A2: 310101 | B2: Slotted V-gard safety Helmets with staz on suspension / Helm | C2: Standard IMPA | D2: PCS | E2: 0 | F2: DECK STORE
A3: 310122 | B3: Replacement suspensions for v-gard safety helmet | C3: Standard IMPA | D3: PCS | E3: 0 | F3: DECK STORE
A4: 311001 | B4: Softframe Single Lens Goggles, Standard Lens Type | C4: Standard IMPA | D4: PCS | E4: 0 | F4: DECK STORE
A5: 311011 | B5: SAFETY GOOGLE | C5: Standard IMPA | D5: PCS | E5: 0 | F5: DECK STORE
A6: 311012 | B6: Soft frame single lens googles-MSA | C6: Standard IMPA | D6: PCS | E6: 0 | F6: DECK STORE
A7: 311051 | B7: Protective Eye Wear lens colour clear part no.10026005 | C7: Standard IMPA | D7: PCS | E7: 0 | F7: DECK STORE
A8: 311051 | B8: Protective Eyewear | C8: Standard IMPA | D8: PCS | E8: 0 | F8: DECK STORE
A9: 311051 | B9: PROTECTIVE EYEWEAR CLEAR, P/N 10026005 | C9: Standard IMPA | D9: PCS | E9: 0 | F9: DECK STORE
A10: 311051 | B10: Protective eyewear, lens colour clear | C10: Standard IMPA | D10: PCS | E10: 0 | F10: DECK STORE
A11: 311052 | B11: PROTECTIVE EYEWEAR, GRAY, P/N=10026006 | C11: Standard IMPA | D11: PCS | E11: 0 | F11: DECK STORE
A12: 311053 | B12: Protective eyewear, lens colour black | C12: Standard IMPA | D12: PCS | E12: 0 | F12: DECK STORE
A13: 311054 | B13: Protective eyewear, black frame clear lens ( Blue mirror) | C13: Standard IMPA | D13: PCS | E13: 0 | F13: DECK STORE
... A16: 311515 | B16: HARNES MSA | C16: Standard IMPA | D16: PCS | E16: 0 | F16: DECK STORE

Sheet 33_Safety_LSA_FFA
A1: IMPA / ITEM CODE | B1: DESCRIPTION & ARTICLES | C1: CODE TYPE | D1: UNIT | E1: ON HAND QTY (ROB) | F1: LOCATION | G1: REMARKS
A2: CUST-33-001 | B2: 3 Point Lifeboat Fasten Seat Belt for Totally Enclosed lifeboat | C2: Special Assigned | D2: PCS | E2: 0 | F2: DECK STORE
A3: CUST-33-002 | B3: 3 Point Lifeboat Fasten Seat Belt for Totally Enclosed lifeboat (RE-SEND DST-24023) | C3: Special Assigned | D3: PCS | E3: 0 | F3: DECK STORE
A4: CUST-33-003 | B4: 4 Point Lifeboat Fasten Seat Belt for Totally Enclosed lifeboat | C4: Special Assigned | D4: PCS | E4: 0 | F4: DECK STORE
A5: CUST-33-004 | B5: 4 Point Lifeboat Fasten Seat Belt for Totally Enclosed lifeboat (RE-SEND DST-24023) | C5: Special Assigned | D5: PCS | E5: 0 | F5: DECK STORE
A6: CUST-33-005 | B6: 4 point Safety Seat Belt for Totally Enclosed lifeboat | C6: Special Assigned | D6: PCS | E6: 0 | F6: DECK STORE
A7: CUST-33-006 | B7: BATTERY - 12 VOLT, 100 AH | C7: Special Assigned | D7: PCS | E7: 0 | F7: DECK STORE
A8: CUST-33-007 | B8: DRINKING WATER 500 gr | C8: Special Assigned | D8: PCS | E8: 0 | F8: DECK STORE
A9: CUST-33-008 | B9: Glass Tube Fuse / Æ 6.0x30mm, 125V/2A | C9: Special Assigned | D9: PCS | E9: 0 | F9: DECK STORE
A10: CUST-33-009 | B10: Hand Drill 220 Volt | C10: Special Assigned | D10: PCS | E10: 0 | F10: DECK STORE
A11: CUST-33-010 | B11: HEAD HARNESS STRAPS SCBA MASK, Maker : INTERSPIRO, Type SPIROMATIC 90 U | C11: Special Assigned | D11: PCS | E11: 0 | F11: DECK STORE
A12: CUST-33-011 | B12: Heat Detector (Brand: Nittan System - NS-AUV) | C12: Special Assigned | D12: PCS | E12: 0 | F12: DECK STORE
A13: CUST-33-012 | B13: HIDROSTATIC RELEASE FOR LIFE RAFT ; HAMMAR H2OR ;Serial (R80535) | C13: Special Assigned | D13: PCS | E13: 0 | F13: DECK STORE
... A247: 338690 | B247: IMO SYMBOL RESTRICTED AREA | C247: Standard IMPA | D247: PCS | E247: 0 | F247: DECK STORE

Sheet 35_Hoses_Couplings
A1: IMPA / ITEM CODE | B1: DESCRIPTION & ARTICLES | C1: CODE TYPE | D1: UNIT | E1: ON HAND QTY (ROB) | F1: LOCATION | G1: REMARKS
A2: 350104 | B2: RUBBER AIR HOSE MOLDED & BRAIDED CONSTRUCTION | C2: Standard IMPA | D2: PCS | E2: 0 | F2: DECK STORE
A3: 350237 | B3: PLASTIC TRANSPARENT HOSE, OUT DIAM=30MM | C3: Standard IMPA | D3: PCS | E3: 0 | F3: DECK STORE
A4: 350327 | B4: P.V.C Tetoron Reinforced Hose, ID 15.0 mm, OD 22.0 mm, Working press 8 Kgf/cm2, 50 Mtr/Coil | C4: Standard IMPA | D4: PCS | E4: 0 | F4: DECK STORE
A5: 351051 | B5: Cast Bronze Air Hose Coupling M 42 x 2 | C5: Standard IMPA | D5: PCS | E5: 0 | F5: DECK STORE
A6: 351054 | B6: CAST BRONZE AIR HOSE COUPLING, M42 x 2 | C6: Standard IMPA | D6: PCS | E6: 0 | F6: DECK STORE
A7: 351054 | B7: CAST BRONZE AIR HOSE COUPLINGS M42X2,12 MM | C7: Standard IMPA | D7: PCS | E7: 0 | F7: DECK STORE
A8: 351055 | B8: CAST BRONZE AIR HOSE COUPLINGS M42X2 | C8: Standard IMPA | D8: PCS | E8: 0 | F8: DECK STORE
A9: 351204 | B9: QUICK-CONNECT COUPLERS, HOSE END TYPE SH SERIES SOCKET | C9: Standard IMPA | D9: PCS | E9: 0 | F9: DECK STORE
A10: 351206 | B10: Set Quick Coupler Plug thread 1/4" | C10: Standard IMPA | D10: PCS | E10: 0 | F10: DECK STORE
A11: 351221 | B11: Coupler, quick-connect single off, Hose end Type (stainless Steel) SH Series Socket | C11: Standard IMPA | D11: PCS | E11: 0 | F11: DECK STORE
A12: 351221 | B12: COUPLER, QUICK-CONNECT, SINGLE END SHUT OFF, S.STEEL, SH SERIES SOCKET 1/4 | C12: Standard IMPA | D12: PCS | E12: 0 | F12: DECK STORE
A13: 351222 | B13: COUPLER, QUICK-CONNECT, SINGLE END SHUT OFF, S.STEEL, SH SERIES SOCKET 3/8 | C13: Standard IMPA | D13: PCS | E13: 0 | F13: DECK STORE
... A33: 352033 | B33: Coupling, cam & groove, type C, socket (female coupler) with hose end, stainless steel, 1-1/4" | C33: Standard IMPA | D33: PCS | E33: 0 | F33: DECK STORE

Sheet 37_Nautical_Flags
A1: IMPA / ITEM CODE | B1: DESCRIPTION & ARTICLES | C1: CODE TYPE | D1: UNIT | E1: ON HAND QTY (ROB) | F1: LOCATION | G1: REMARKS
A2: CUST-37-001 | B2: Admiralty List of Radio Signals Volume 4, Meteorological Observation Stations, 2nd Edition 2021 | C2: Special Assigned | D2: PCS | E2: 0 | F2: DECK STORE
A3: CUST-37-002 | B3: Admiralty List of Radio Signals: Vol. 6, Part 4 - Indian sub-continent, South East Asia and Australasia, 2nd Edition 2021 | C3: Special Assigned | D3: PCS | E3: 0 | F3: DECK STORE
A4: CUST-37-003 | B4: Admiralty List of Radio Signals: Volume 5, Global Maritime Distress and Safety System, 2nd Edition 2021 | C4: Special Assigned | D4: PCS | E4: 0 | F4: DECK STORE
A5: CUST-37-004 | B5: Handie Talkie, Merk : ICOM, Type : IC-V80 | C5: Special Assigned | D5: PCS | E5: 0 | F5: DECK STORE
A6: CUST-37-005 | B6: HS-6000 JRC II/JS HANDSET (Connector RM12BPG-6P) /for VHF | C6: Special Assigned | D6: PCS | E6: 0 | F6: DECK STORE
A7: CUST-37-006 | B7: Magnetic Compass Liquid (Brand : Sperry Marine,Type : 2060) | C7: Special Assigned | D7: PCS | E7: 0 | F7: DECK STORE
A8: CUST-37-007 | B8: Nautical Almanac 2022 Edition | C8: Special Assigned | D8: PCS | E8: 0 | F8: DECK STORE
A9: CUST-37-008 | B9: Ocean Passage the World, Indian & Pacific Ocean Vol 2, 2021 Edition | C9: Special Assigned | D9: PCS | E9: 0 | F9: DECK STORE
A10: CUST-37-009 | B10: Print Head for MF/HF Printer (Type : JRC NKG-800) | C10: Special Assigned | D10: PCS | E10: 0 | F10: DECK STORE
A11: 370345 | B11: BINOCULARS | C11: Standard IMPA | D11: PCS | E11: 0 | F11: DECK STORE
A12: 370441 | B12: MASTHEAD LIGHT CLEAR, A-2DOUBLE, GLASS LENS & METAL CASE | C12: Standard IMPA | D12: PCS | E12: 0 | F12: DECK STORE
A13: 370444 | B13: STERN LIGHT CLEAR, A-2 DOUBLE, GLASS LENS & METAL CASE | C13: Standard IMPA | D13: PCS | E13: 0 | F13: DECK STORE
... A27: 372693 | B27: TELEPRINTER RECORDING PAPER 214 MM WHITE 1-PLY FOR INMARSAT-C | C27: Standard IMPA | D27: PCS | E27: 0 | F27: DECK STORE

Sheet 39_Medical_Medicine
A1: IMPA / ITEM CODE | B1: DESCRIPTION & ARTICLES | C1: CODE TYPE | D1: UNIT | E1: ON HAND QTY (ROB) | F1: LOCATION | G1: REMARKS
A2: CUST-39-001 | B2: Acetylsalicylic acid 300mg | C2: Special Assigned | D2: PCS | E2: 0 | F2: DECK STORE
A3: CUST-39-002 | B3: Aciclovir 400mg | C3: Special Assigned | D3: PCS | E3: 0 | F3: DECK STORE
A4: CUST-39-003 | B4: Aciclovir 5% Krim, 5gr (Herpes) | C4: Special Assigned | D4: PCS | E4: 0 | F4: DECK STORE
A5: CUST-39-004 | B5: Acyclover 5 gram (infeksi kulit,hernia, digigit tomcat) | C5: Special Assigned | D5: PCS | E5: 0 | F5: DECK STORE
A6: CUST-39-005 | B6: Acyclovir 5gr | C6: Special Assigned | D6: PCS | E6: 0 | F6: DECK STORE
A7: CUST-39-006 | B7: Albothyl | C7: Special Assigned | D7: PCS | E7: 0 | F7: DECK STORE
A8: CUST-39-007 | B8: Albusmin, 30/box | C8: Special Assigned | D8: PCS | E8: 0 | F8: DECK STORE
A9: CUST-39-008 | B9: Alcohol 70% 100ml (steril luka) | C9: Special Assigned | D9: PCS | E9: 0 | F9: DECK STORE
A10: CUST-39-009 | B10: Alcohol swab tissue,Sensi 100 sachet/Pkt | C10: Special Assigned | D10: PCS | E10: 0 | F10: DECK STORE
A11: CUST-39-010 | B11: Amoxicillin 500 mg 10 Tablet | C11: Special Assigned | D11: PCS | E11: 0 | F11: DECK STORE
A12: CUST-39-011 | B12: Amoxicillin/clavulanic acid 875mg/12smg | C12: Special Assigned | D12: PCS | E12: 0 | F12: DECK STORE
A13: CUST-39-012 | B13: Amoxycilin 500mg (antibiotik/infeksi) | C13: Special Assigned | D13: PCS | E13: 0 | F13: DECK STORE
... A251: 392064 | B251: Disposable latex gloves | C251: Standard IMPA | D251: PCS | E251: 0 | F251: DECK STORE

Sheet 45_Petroleum_Chemicals
A1: IMPA / ITEM CODE | B1: DESCRIPTION & ARTICLES | C1: CODE TYPE | D1: UNIT | E1: ON HAND QTY (ROB) | F1: LOCATION | G1: REMARKS
A2: CUST-45-001 | B2: Ameroyal (evaporator treatment) 1 PAIL = 20 L | C2: Special Assigned | D2: PCS | E2: 0 | F2: DECK STORE
A3: CUST-45-002 | B3: Descale it (Maintenance chemical) 1 PAIL = 20 L | C3: Special Assigned | D3: PCS | E3: 0 | F3: DECK STORE
A4: CUST-45-003 | B4: Freon R407 C | C4: Special Assigned | D4: PCS | E4: 0 | F4: DECK STORE
A5: CUST-45-004 | B5: Liquidewt (cooling water threatment) 1 PAIL = 20 L | C5: Special Assigned | D5: PCS | E5: 0 | F5: DECK STORE
A6: CUST-45-005 | B6: Refill Acetyline Gas | C6: Special Assigned | D6: PCS | E6: 0 | F6: DECK STORE
A7: CUST-45-006 | B7: Refill Oxygen Gas | C7: Special Assigned | D7: PCS | E7: 0 | F7: DECK STORE
A8: CUST-45-007 | B8: Test Reagent DPD No 4 Tablet | C8: Special Assigned | D8: PCS | E8: 0 | F8: DECK STORE
A9: 450116 | B9: CUTTING OIL, 4LTR | C9: Standard IMPA | D9: PCS | E9: 0 | F9: DECK STORE
A10: 450531 | B10: MOLYKOTE, LUBRICANT SPRAY, 330ML | C10: Standard IMPA | D10: PCS | E10: 0 | F10: DECK STORE
A11: 450531 | B11: MOLYKOTE, LUBRICANT SPRAY,SEPERGLISS, 330ML (AEROSOL) | C11: Standard IMPA | D11: PCS | E11: 0 | F11: DECK STORE
A12: 450566 | B12: Copaslip | C12: Standard IMPA | D12: PCS | E12: 0 | F12: DECK STORE
A13: 450566 | B13: Copaslip, Anti Seize Compound 500 grm | C13: Standard IMPA | D13: PCS | E13: 0 | F13: DECK STORE
... A25: 450901 | B25: Contact cleaner | C25: Standard IMPA | D25: PCS | E25: 0 | F25: DECK STORE

Sheet 47_Stationery
A1: IMPA / ITEM CODE | B1: DESCRIPTION & ARTICLES | C1: CODE TYPE | D1: UNIT | E1: ON HAND QTY (ROB) | F1: LOCATION | G1: REMARKS
A2: CUST-47-001 | B2: 3M post it 654 | C2: Special Assigned | D2: PCS | E2: 0 | F2: DECK STORE
A3: CUST-47-002 | B3: ACCU BATTERY, 200 AH 12v, 20 HR FOR BACK UP BATTERY ( DC ) NAVIGATION | C3: Special Assigned | D3: PCS | E3: 0 | F3: DECK STORE
A4: CUST-47-003 | B4: Ball point "Pilot" (magenta ink) 0.5 mm | C4: Special Assigned | D4: PCS | E4: 0 | F4: DECK STORE
A5: CUST-47-004 | B5: Ball Point 4 Colour ink (black, red, blue,green) | C5: Special Assigned | D5: PCS | E5: 0 | F5: DECK STORE
A6: CUST-47-005 | B6: Ball Point Pen (Standard 0.5 - Black Color) | C6: Special Assigned | D6: PCS | E6: 0 | F6: DECK STORE
A7: CUST-47-006 | B7: Battery C, Camelion | C7: Special Assigned | D7: PCS | E7: 0 | F7: DECK STORE
A8: CUST-47-007 | B8: BK (Black) - 008 | C8: Special Assigned | D8: PCS | E8: 0 | F8: DECK STORE
A9: CUST-47-008 | B9: BK (Black) - GI890 | C9: Special Assigned | D9: PCS | E9: 0 | F9: DECK STORE
A10: CUST-47-009 | B10: BPI (LAST RECEIVED : WEEKLY EDITION No.52, DEC 26 2019) | C10: Special Assigned | D10: PCS | E10: 0 | F10: DECK STORE
A11: CUST-47-010 | B11: C (Cyan) - 008 | C11: Special Assigned | D11: PCS | E11: 0 | F11: DECK STORE
A12: CUST-47-011 | B12: C (Cyan) - GI790/890C | C12: Special Assigned | D12: PCS | E12: 0 | F12: DECK STORE
A13: CUST-47-012 | B13: Card Case A4 | C13: Special Assigned | D13: PCS | E13: 0 | F13: DECK STORE
... A164: 473469 | B164: TAPE CARTRIDGES FOR "CASIO KL-820" TAPE WRITER, BLUE, 12 MM | C164: Standard IMPA | D164: PCS | E164: 0 | F164: DECK STORE

Sheet 51_Brushes_Cleaning
A1: IMPA / ITEM CODE | B1: DESCRIPTION & ARTICLES | C1: CODE TYPE | D1: UNIT | E1: ON HAND QTY (ROB) | F1: LOCATION | G1: REMARKS
A2: CUST-51-001 | B2: Brush angle with Long handle size 1/2'' inch | C2: Special Assigned | D2: PCS | E2: 0 | F2: DECK STORE
A3: CUST-51-002 | B3: Complete set spin mop with handle / 16 cm Diamater | C3: Special Assigned | D3: PCS | E3: 0 | F3: DECK STORE
A4: CUST-51-003 | B4: Dust pan with long handle (serokan) | C4: Special Assigned | D4: PCS | E4: 0 | F4: DECK STORE
A5: CUST-51-004 | B5: Long handle broom, soft, for inside accomodation | C5: Special Assigned | D5: PCS | E5: 0 | F5: DECK STORE
A6: CUST-51-005 | B6: Plastic Broom + Handle Complete | C6: Special Assigned | D6: PCS | E6: 0 | F6: DECK STORE
A7: CUST-51-006 | B7: Refill Spin mop with handle only / Refil Pelan lantai putar spin | C7: Special Assigned | D7: PCS | E7: 0 | F7: DECK STORE
A8: CUST-51-007 | B8: Wire brush ulir | C8: Special Assigned | D8: PCS | E8: 0 | F8: DECK STORE
A9: 510101 | B9: Angle radiator brushes W25mm | C9: Standard IMPA | D9: PCS | E9: 0 | F9: DECK STORE
A10: 510102 | B10: Angle radiator brushes W40mm | C10: Standard IMPA | D10: PCS | E10: 0 | F10: DECK STORE
A11: 510103 | B11: BRUSH FOR PAINT LONG STICK SIZE 1" | C11: Standard IMPA | D11: PCS | E11: 0 | F11: DECK STORE
A12: 510107 | B12: BRUSH FOR PAINT LONG STICK SIZE 2" | C12: Standard IMPA | D12: PCS | E12: 0 | F12: DECK STORE
A13: 510136 | B13: ROUND PAINT BRUSHES DIAM 25 MM | C13: Standard IMPA | D13: PCS | E13: 0 | F13: DECK STORE
... A85: 511008 | B85: Bath Mats, 700 X 400 mm | C85: Standard IMPA | D85: PCS | E85: 0 | F85: DECK STORE

Sheet 53_Lavatory_Sanitary
A1: IMPA / ITEM CODE | B1: DESCRIPTION & ARTICLES | C1: CODE TYPE | D1: UNIT | E1: ON HAND QTY (ROB) | F1: LOCATION | G1: REMARKS
A2: 530121 | B2: Hose end wall faucets Threads "D" 13 (1/2), Length "C" 84 mm, with hose coupling | C2: Standard IMPA | D2: PCS | E2: 0 | F2: DECK STORE
A3: 530186 | B3: Right handle faucets with goose neck swivel spout Threads "D" 13 (1/2), Length "C" 105 mm, "Straight Down Connection" | C3: Standard IMPA | D3: PCS | E3: 0 | F3: DECK STORE
A4: 530333 | B4: Toilet seats, Model TC1R (Open Front without Cover) | C4: Standard IMPA | D4: PCS | E4: 0 | F4: DECK STORE
A5: 530375 | B5: Shower Heads, Type hand held, plastic head with 1.2 mtr hose | C5: Standard IMPA | D5: PCS | E5: 0 | F5: DECK STORE

Sheet 55_Cleaning_Detergents
A1: IMPA / ITEM CODE | B1: DESCRIPTION & ARTICLES | C1: CODE TYPE | D1: UNIT | E1: ON HAND QTY (ROB) | F1: LOCATION | G1: REMARKS
A2: CUST-55-001 | B2: DETERGENT RINSO, @ PER 2 Kg | C2: Special Assigned | D2: PCS | E2: 0 | F2: DECK STORE
A3: CUST-55-002 | B3: Floor Cleaner, Super Pell, 1000 ml | C3: Special Assigned | D3: PCS | E3: 0 | F3: DECK STORE
A4: CUST-55-003 | B4: PS-80A digital ultrasonic cleaner capacity 22 L, 40 KHz | C4: Special Assigned | D4: PCS | E4: 0 | F4: DECK STORE
A5: CUST-55-004 | B5: SABUN RINSO HIJAU 900 GRAM | C5: Special Assigned | D5: PCS | E5: 0 | F5: DECK STORE
A6: 550110 | B6: Detergent (Sabun Pakaian) | C6: Standard IMPA | D6: PCS | E6: 0 | F6: DECK STORE
A7: 550118 | B7: Rinso Powder, Size 900 Gram/1 Kg | C7: Standard IMPA | D7: PCS | E7: 0 | F7: DECK STORE
A8: 550133 | B8: Heavy duty Detergent 25 Kgs, Brand "RINSO" | C8: Standard IMPA | D8: PCS | E8: 0 | F8: DECK STORE
A9: 550133 | B9: HEAVY DUTY DETERGENT 25 KGS/BAG | C9: Standard IMPA | D9: PCS | E9: 0 | F9: DECK STORE
A10: 550133 | B10: HEAVY DUTY DETERGENT, 25KGS | C10: Standard IMPA | D10: PCS | E10: 0 | F10: DECK STORE
A11: 550134 | B11: Laundry Machine Detergent 20 Kgs/Bag | C11: Standard IMPA | D11: PCS | E11: 0 | F11: DECK STORE
A12: 550134 | B12: Laundry Machine Detergent, 20 Kgs/Bag | C12: Standard IMPA | D12: PCS | E12: 0 | F12: DECK STORE
A13: 550141 | B13: LIQUID SOAP FOR GALLEY 800 CC/BTL | C13: Standard IMPA | D13: PCS | E13: 0 | F13: DECK STORE
... A54: 550942 | B54: Oxalid Acid, 25 kgs | C54: Standard IMPA | D54: PCS | E54: 0 | F54: DECK STORE

Sheet 59_Pneumatic_Tools
A1: IMPA / ITEM CODE | B1: DESCRIPTION & ARTICLES | C1: CODE TYPE | D1: UNIT | E1: ON HAND QTY (ROB) | F1: LOCATION | G1: REMARKS
A2: CUST-59-001 | B2: Coffe Machine 3 in 1 | C2: Special Assigned | D2: PCS | E2: 0 | F2: DECK STORE
A3: CUST-59-002 | B3: Fan maspion type CF-204 100mm (4") 220V 50Hz 15W | C3: Special Assigned | D3: PCS | E3: 0 | F3: DECK STORE
A4: CUST-59-003 | B4: Laundry Automatic Washing Machine, Capacity 8 Kg, 220V/AC, 50/60 Hz, 310 Watt | C4: Special Assigned | D4: PCS | E4: 0 | F4: DECK STORE
A5: CUST-59-004 | B5: Spare part for Jet Chisel JEX-24 : - Japan Made | C5: Special Assigned | D5: PCS | E5: 0 | F5: DECK STORE
A6: CUST-59-005 | B6: TZ4 pump with cast iron casing & wil-flex diagphragms, balls, and valve seat | C6: Special Assigned | D6: PCS | E6: 0 | F6: DECK STORE
A7: 590101 | B7: IMPACT WRENCH, PNEUMATIC, SQUARE DRIVE=12.7mm X 1/2inch, D=13.0MM, PISTOL HANDLE | C7: Standard IMPA | D7: PCS | E7: 0 | F7: DECK STORE
A8: 590301 | B8: ANGLE GRINDER, PNEUMATIC, O.D=100MM X T=6MM X I.D=15MM, YUTANI (JAPAN) | C8: Standard IMPA | D8: PCS | E8: 0 | F8: DECK STORE
A9: 590301 | B9: Angle grinder, pneumatic, wheel size (O.D 100 x Thickness 6 x I.D 15 mm) - Japan Made | C9: Standard IMPA | D9: PCS | E9: 0 | F9: DECK STORE
A10: 590301 | B10: Grinder Angle Pneumatic Completed Set (Gurinda angin) Tools | C10: Standard IMPA | D10: PCS | E10: 0 | F10: DECK STORE
A11: 590342 | B11: HAND DRILL, PNEUMATIC, 9.5MM, PISTOL HANDLE, CLECO (U.S.A) | C11: Standard IMPA | D11: PCS | E11: 0 | F11: DECK STORE
A12: 590382 | B12: Pneumatic scaling hammers | C12: Standard IMPA | D12: PCS | E12: 0 | F12: DECK STORE
A13: 590387 | B13: Spare Hammer Head for Pneumatic Scaling Hammer - Japan Made | C13: Standard IMPA | D13: PCS | E13: 0 | F13: DECK STORE
... A44: 592244 | B44: Crimped Wire Brush max 4500 rpm | C44: Standard IMPA | D44: PCS | E44: 0 | F44: DECK STORE

Sheet 61_Hand_Tools
A1: IMPA / ITEM CODE | B1: DESCRIPTION & ARTICLES | C1: CODE TYPE | D1: UNIT | E1: ON HAND QTY (ROB) | F1: LOCATION | G1: REMARKS
A2: CUST-61-001 | B2: Cutter | C2: Special Assigned | D2: PCS | E2: 0 | F2: DECK STORE
A3: CUST-61-002 | B3: EXPANSION PIPE ACETYLENE LOW-PRESSURE | C3: Special Assigned | D3: PCS | E3: 0 | F3: DECK STORE
A4: CUST-61-003 | B4: EXPANSION PIPE OXYGEN LOW-PRESSURE | C4: Special Assigned | D4: PCS | E4: 0 | F4: DECK STORE
A5: CUST-61-004 | B5: Grinding wheel D255mm x d25.4mm x T25mm | C5: Special Assigned | D5: PCS | E5: 0 | F5: DECK STORE
A6: CUST-61-005 | B6: NITTO KOHKI NEEDLES 3MMX180MM FOR JET CHISEL | C6: Special Assigned | D6: PCS | E6: 0 | F6: DECK STORE
A7: CUST-61-006 | B7: NT Cutter L-200 medium 9 mm (Pisau Kater set Small) | C7: Special Assigned | D7: PCS | E7: 0 | F7: DECK STORE
A8: CUST-61-007 | B8: NT Cutter L-500 medium 0.5mm (Pisau Kater set Medium) | C8: Special Assigned | D8: PCS | E8: 0 | F8: DECK STORE
A9: CUST-61-008 | B9: REGULATOR R-700 FOR ACETYLENE, COMPLETE | C9: Special Assigned | D9: PCS | E9: 0 | F9: DECK STORE
A10: CUST-61-009 | B10: REGULATOR R-700 FOR OXYGEN, COMPLETE | C10: Special Assigned | D10: PCS | E10: 0 | F10: DECK STORE
A11: CUST-61-010 | B11: Scissors | C11: Special Assigned | D11: PCS | E11: 0 | F11: DECK STORE
A12: CUST-61-011 | B12: Scissors size standard (Gunting) | C12: Special Assigned | D12: PCS | E12: 0 | F12: DECK STORE
A13: CUST-61-012 | B13: WHEEL CUT-OFF, RESENOID, GRAIN NO. 36, OUT DIAMETER=105MM, THICKNESS=1,2MM, HOLE DIAMETER=16MM | C13: Special Assigned | D13: PCS | E13: 0 | F13: DECK STORE
... A217: 617737 | B217: HEAVY DUTY PUMP OILERS, FLEXIBLE, 350CC, 290 GRM | C217: Standard IMPA | D217: PCS | E217: 0 | F217: DECK STORE

Sheet 63_Cutting_Tools
A1: IMPA / ITEM CODE | B1: DESCRIPTION & ARTICLES | C1: CODE TYPE | D1: UNIT | E1: ON HAND QTY (ROB) | F1: LOCATION | G1: REMARKS
A2: 630148 | B2: Drill bit 5 mm ( HSS ) | C2: Standard IMPA | D2: PCS | E2: 0 | F2: DECK STORE
A3: 630178 | B3: Drill bit 8 mm ( HSS) | C3: Standard IMPA | D3: PCS | E3: 0 | F3: DECK STORE
A4: 630228 | B4: Drill bit 12 mm ( Nachi ) | C4: Standard IMPA | D4: PCS | E4: 0 | F4: DECK STORE
A5: 630253 | B5: DRILL SET, HIGH SPEED STEEL, STEEL CASE, SIZE=(1.5-6.5MM) | C5: Standard IMPA | D5: PCS | E5: 0 | F5: DECK STORE
A6: 630255 | B6: Drill set ,high speed steel, size (minimum-maksimum)mm, 25s/set | C6: Standard IMPA | D6: PCS | E6: 0 | F6: DECK STORE
A7: 630256 | B7: Drill bit 10 mm ( HSS ) | C7: Standard IMPA | D7: PCS | E7: 0 | F7: DECK STORE
A8: 632201 | B8: Tap and Die Set | C8: Standard IMPA | D8: PCS | E8: 0 | F8: DECK STORE
A9: 632487 | B9: SREW EXTRACTOR SET,APP SIZE (2.0, 2.7, 4.0, 6.4, 7.2), 10.3, 6/SET | C9: Standard IMPA | D9: PCS | E9: 0 | F9: DECK STORE
A10: 632681 | B10: TOOL, HIGH SPEED STEEL, RECTANGULAR, 3X13X300 MM | C10: Standard IMPA | D10: PCS | E10: 0 | F10: DECK STORE
A11: 632701 | B11: TOOL, SINGLE POINT WITH CEMENTED CARBIDE TIP, RIGHT HAND, MODEL NO.31 - 2, 16X16X120 MM | C11: Standard IMPA | D11: PCS | E11: 0 | F11: DECK STORE
A12: 632703 | B12: TOOL, SINGLE POINT WITH CEMENTED CARBIDE TIP, RIGHT HAND, NO=3, SIZE=19X19X140MM | C12: Standard IMPA | D12: PCS | E12: 0 | F12: DECK STORE
A13: 632708 | B13: TOOL, SINGLE POINT WITH CEMENTED CARBIDE TIP, LEFT HAND, MODEL NO. 32 - 2, 16X16X120 MM | C13: Standard IMPA | D13: PCS | E13: 0 | F13: DECK STORE
... A31: 633062 | B31: TOOL, BORE FINISHING TOOL, MODEL NO. 42, NOMINAL SHANK SIZE= 16, TIP SIZE= 10X20X4.5MM, SHANK SIZE= 16X16X180MM | C31: Standard IMPA | D31: PCS | E31: 0 | F31: DECK STORE

Sheet 65_Measuring_Gauges
A1: IMPA / ITEM CODE | B1: DESCRIPTION & ARTICLES | C1: CODE TYPE | D1: UNIT | E1: ON HAND QTY (ROB) | F1: LOCATION | G1: REMARKS
A2: CUST-65-001 | B2: Sounding Tape , Stainless For Water ballast ( 15meter) | C2: Special Assigned | D2: PCS | E2: 0 | F2: DECK STORE
A3: 650511 | B3: VERNIER CALIPERS, IN METRIC & INCH, LENGTH=150-6, GRADUATION 0.05 | C3: Standard IMPA | D3: PCS | E3: 0 | F3: DECK STORE
A4: 650513 | B4: VERNIER CALIPERS, IN METRIC & INCH, LENGTH=300-12, GRADUATION 0.001 | C4: Standard IMPA | D4: PCS | E4: 0 | F4: DECK STORE
A5: 650521 | B5: DIGITAL CALIPER, 150MM | C5: Standard IMPA | D5: PCS | E5: 0 | F5: DECK STORE
A6: 650823 | B6: CONVEX RULES (TAPE RULES), METRIC, LENGTH 5 MTR | C6: Standard IMPA | D6: PCS | E6: 0 | F6: DECK STORE
A7: 650827 | B7: CONVEX RULES, ( TAPE RULES ) 3.5 M / 12" | C7: Standard IMPA | D7: PCS | E7: 0 | F7: DECK STORE
A8: 650828 | B8: CONVEX RULES, ( TAPE RULES ) 5 M / 16" | C8: Standard IMPA | D8: PCS | E8: 0 | F8: DECK STORE
A9: 650828 | B9: Tape Rules, Length 5 mtr /16' | C9: Standard IMPA | D9: PCS | E9: 0 | F9: DECK STORE
A10: 650871 | B10: Sounding tapes 30Mtr, stainless | C10: Standard IMPA | D10: PCS | E10: 0 | F10: DECK STORE
A11: 650873 | B11: TAPE, OIL GAUGE, STAINLESS STEEL ( 30 M ) | C11: Standard IMPA | D11: PCS | E11: 0 | F11: DECK STORE
A12: 650873 | B12: Tape,oil gauge, Stainless steel, Metric, 30 meter | C12: Standard IMPA | D12: PCS | E12: 0 | F12: DECK STORE
A13: 650890 | B13: Water finding paste | C13: Standard IMPA | D13: PCS | E13: 0 | F13: DECK STORE
... A25: 652708 | B25: Inspection Flash light with mirror | C25: Standard IMPA | D25: PCS | E25: 0 | F25: DECK STORE

Sheet 67_Steel_Metal
A1: IMPA / ITEM CODE | B1: DESCRIPTION & ARTICLES | C1: CODE TYPE | D1: UNIT | E1: ON HAND QTY (ROB) | F1: LOCATION | G1: REMARKS
A2: 670106 | B2: STEEL ROUND, COLD FINISHED, DIAM=10MM X 4 MTR | C2: Standard IMPA | D2: PCS | E2: 0 | F2: DECK STORE
A3: 670106 | B3: STEEL ROUNDS, COLD FINISHED, D=10MM X 12MTR | C3: Standard IMPA | D3: PCS | E3: 0 | F3: DECK STORE
A4: 670111 | B4: STEEL ROUNDS, COLD FINISHED, D=15MM X 12MTR | C4: Standard IMPA | D4: PCS | E4: 0 | F4: DECK STORE
A5: 670114 | B5: STEEL ROUND, COLD FINISHED, DIAM=18MM X 4 MTR | C5: Standard IMPA | D5: PCS | E5: 0 | F5: DECK STORE
A6: 670116 | B6: Steel round bar, size : Diam 20 mm x L 6 mtr | C6: Standard IMPA | D6: PCS | E6: 0 | F6: DECK STORE
A7: 670116 | B7: STEEL ROUNDS, COLD FINISHED, D=20MM X 6MTR | C7: Standard IMPA | D7: PCS | E7: 0 | F7: DECK STORE
A8: 670408 | B8: Steel Flat Hot Rolled, T 4.5mm x W 25mm x L 6Mtr | C8: Standard IMPA | D8: PCS | E8: 0 | F8: DECK STORE
A9: 670409 | B9: Steel Flat Hot Rolled, T 4.5mm x W 32mm x L 6Mtr | C9: Standard IMPA | D9: PCS | E9: 0 | F9: DECK STORE
A10: 670602 | B10: Steel Equal Angles, hot rolled, 25mmx25mmx3mm | C10: Standard IMPA | D10: PCS | E10: 0 | F10: DECK STORE
A11: 670603 | B11: Steel equal angle-hot rolled, size 30 x 30 x 3 | C11: Standard IMPA | D11: PCS | E11: 0 | F11: DECK STORE
A12: 670605 | B12: Angle bar 4x4 | C12: Standard IMPA | D12: PCS | E12: 0 | F12: DECK STORE
A13: 670605 | B13: Steel equal angle-hot rolled, size 40 x 40 x 3 x 1.83 | C13: Standard IMPA | D13: PCS | E13: 0 | F13: DECK STORE
... A57: 673803 | B57: Grating, Serrated style, Galvanized, size: 3' x 20' | C57: Standard IMPA | D57: PCS | E57: 0 | F57: DECK STORE

Sheet 69_Bolts_Nuts_Screws
A1: IMPA / ITEM CODE | B1: DESCRIPTION & ARTICLES | C1: CODE TYPE | D1: UNIT | E1: ON HAND QTY (ROB) | F1: LOCATION | G1: REMARKS
A2: CUST-69-001 | B2: TA93278 Rear Bolt Ass'y | C2: Special Assigned | D2: PCS | E2: 0 | F2: DECK STORE
A3: CUST-69-002 | B3: TP02249 Rear Washer | C3: Special Assigned | D3: PCS | E3: 0 | F3: DECK STORE
A4: CUST-69-003 | B4: TP02250 Front Washer | C4: Special Assigned | D4: PCS | E4: 0 | F4: DECK STORE
A5: 690302 | B5: Bolt with Nut, Hex head, steel, ungalv size M12 x 50 mm | C5: Standard IMPA | D5: PCS | E5: 0 | F5: DECK STORE
A6: 690302 | B6: Bolt with Nut, Hex head, steel, ungalv size M12 x 55 mm | C6: Standard IMPA | D6: PCS | E6: 0 | F6: DECK STORE
A7: 690361 | B7: Bolt with Nut, Hex head, steel, ungalv size M16 x 50 mm | C7: Standard IMPA | D7: PCS | E7: 0 | F7: DECK STORE
A8: 691111 | B8: Bolt with Nut, Hex head, steel, ungalv size M8 x 30 mm | C8: Standard IMPA | D8: PCS | E8: 0 | F8: DECK STORE
A9: 691111 | B9: Hexagon bolt with nut M6X30mm | C9: Standard IMPA | D9: PCS | E9: 0 | F9: DECK STORE
A10: 691115 | B10: Bolt with Nut, Hex head, steel, ungalv size M6 x 30mm | C10: Standard IMPA | D10: PCS | E10: 0 | F10: DECK STORE
A11: 691119 | B11: Bolt with Nut, Hex head, steel, ungalv size M6 x 55 mm | C11: Standard IMPA | D11: PCS | E11: 0 | F11: DECK STORE
A12: 691143 | B12: Hexagon bolt with nut M8x40mm | C12: Standard IMPA | D12: PCS | E12: 0 | F12: DECK STORE
A13: 691145 | B13: Bolt with Nut, Hex head, steel, ungalv size M8 x 50mm | C13: Standard IMPA | D13: PCS | E13: 0 | F13: DECK STORE
... A87: 696718 | B87: Ship's steel pipe U-bolts, size: 350A x OD 355,6mm x M24 | C87: Standard IMPA | D87: PCS | E87: 0 | F87: DECK STORE

Sheet 71_Pipes_Tubes
A1: IMPA / ITEM CODE | B1: DESCRIPTION & ARTICLES | C1: CODE TYPE | D1: UNIT | E1: ON HAND QTY (ROB) | F1: LOCATION | G1: REMARKS
A2: CUST-71-001 | B2: OXIGEN O2, TYPE 0-40 | C2: Special Assigned | D2: PCS | E2: 0 | F2: DECK STORE
A3: CUST-71-002 | B3: Pipe, Galvanized | C3: Special Assigned | D3: PCS | E3: 0 | F3: DECK STORE
A4: 710104 | B4: Carbon Steel pipe for ordinary piping, galvanize size 15A x 1/2 x 21,7 mm | C4: Standard IMPA | D4: PCS | E4: 0 | F4: DECK STORE
A5: 710104 | B5: Carbon Steel pipe for ordinary piping, galvanize size 40A x 11/2 x 48.6x 3.5 x 3890 mm | C5: Standard IMPA | D5: PCS | E5: 0 | F5: DECK STORE
A6: 710104 | B6: Carbon Steel pipe for ordinary piping, galvanize size 50A x 2 x60.5 x 3.8 x 5310 mm | C6: Standard IMPA | D6: PCS | E6: 0 | F6: DECK STORE
A7: 710104 | B7: Carbon Steel pipe for ordinary piping, galvanize size 80A x 3 x 89.1 x 4.2 x 8790 mm | C7: Standard IMPA | D7: PCS | E7: 0 | F7: DECK STORE
A8: 710105 | B8: Carbon Steel pipe for ordinary piping, galvanize size 20A X 3/4 X 27.2 x 2.8 X 1680 | C8: Standard IMPA | D8: PCS | E8: 0 | F8: DECK STORE
A9: 710106 | B9: Carbon Steel pipe for ordinary piping, galvanize size 25A X 1 X 34 x 3.2 x 2430 mm | C9: Standard IMPA | D9: PCS | E9: 0 | F9: DECK STORE
A10: 710106 | B10: PIPE, CARBON STEEL, GALVANIZED, SIZE=A25, B1, LENGTH=6 MTR | C10: Standard IMPA | D10: PCS | E10: 0 | F10: DECK STORE
A11: 710107 | B11: Carbon Steel pipe for ordinary piping, galvanize size 32A x 11/4 x 42.7 x 3.5 x 3380 mm | C11: Standard IMPA | D11: PCS | E11: 0 | F11: DECK STORE
A12: 710108 | B12: PIPE, CARBON STEEL, GALVANIZED, SIZE=A40, B1-1/2, LENGTH=6 MTR | C12: Standard IMPA | D12: PCS | E12: 0 | F12: DECK STORE
A13: 710109 | B13: PIPE, CARBON STEEL, GALVANIZED, SIZE=A50, B2, LENGTH=6 MTR | C13: Standard IMPA | D13: PCS | E13: 0 | F13: DECK STORE
... A49: 711504 | B49: Copper tube, annealed, OD 8mm x thick 1mm | C49: Standard IMPA | D49: PCS | E49: 0 | F49: DECK STORE

Sheet 73_Pipe_Fittings
A1: IMPA / ITEM CODE | B1: DESCRIPTION & ARTICLES | C1: CODE TYPE | D1: UNIT | E1: ON HAND QTY (ROB) | F1: LOCATION | G1: REMARKS
A2: CUST-73-001 | B2: Steel Wire Rope, galvanized, 6 x 37, Dia 13.0 mm x Length 30 m | C2: Special Assigned | D2: PCS | E2: 0 | F2: DECK STORE
A3: 730551 | B3: SOCKET MALLEABLE CAST IRON, BLACK, SIZE=1 | C3: Standard IMPA | D3: PCS | E3: 0 | F3: DECK STORE
A4: 730908 | B4: HEXAGON NIPLES, GALVANIZED, SIZE=1-1/2 | C4: Standard IMPA | D4: PCS | E4: 0 | F4: DECK STORE
A5: 730909 | B5: HEXAGON NIPLES, GALVANIZED, SIZE=2 | C5: Standard IMPA | D5: PCS | E5: 0 | F5: DECK STORE
A6: 730919 | B6: HEXAGON NIPPLES, BLACK, SIZE= 1/2 | C6: Standard IMPA | D6: PCS | E6: 0 | F6: DECK STORE
A7: 730921 | B7: HEXAGON NIPPLES, BLACK, SIZE= 1 | C7: Standard IMPA | D7: PCS | E7: 0 | F7: DECK STORE
A8: 730944 | B8: REDUCING HEXAGON NIPPLES, BLACK, SIZE=1 X 3/4 | C8: Standard IMPA | D8: PCS | E8: 0 | F8: DECK STORE
A9: 731213 | B9: STEEL BUTT-WELDING CONCENTRIC RADIUS REDUCERS, DIAM=50A X 32A, LENGTH=76.2 | C9: Standard IMPA | D9: PCS | E9: 0 | F9: DECK STORE
A10: 731214 | B10: STEEL BUTT-WELDING CONCENTRIC RADIUS REDUCERS, DIAM=50A X 40A, LENGTH=76.3 | C10: Standard IMPA | D10: PCS | E10: 0 | F10: DECK STORE
A11: 731403 | B11: STEEL BUTT-WELDING ELBOWS, 45ᵒ LONG RADIUS, FOR HIGH PRESSURE SERVICE PIPE, SCHED.40, SIZE=A25 | C11: Standard IMPA | D11: PCS | E11: 0 | F11: DECK STORE
A12: 731404 | B12: STEEL BUTT-WELDING ELBOWS, 45ᵒ LONG RADIUS, FOR HIGH PRESSURE SERVICE PIPE, SCHED.40, SIZE=A32 | C12: Standard IMPA | D12: PCS | E12: 0 | F12: DECK STORE
A13: 731410 | B13: STEEL BUTT-WELDING ELBOWS, 45ᵒ LONG RADIUS, FOR HIGH PRESSURE SERVICE PIPE, SCHED.40, SIZE=A100 | C13: Standard IMPA | D13: PCS | E13: 0 | F13: DECK STORE
... A58: 735761 | B58: Din carbon steel slip-on raised face flanges | C58: Standard IMPA | D58: PCS | E58: 0 | F58: DECK STORE

Sheet 75_Valves_Cocks
A1: IMPA / ITEM CODE | B1: DESCRIPTION & ARTICLES | C1: CODE TYPE | D1: UNIT | E1: ON HAND QTY (ROB) | F1: LOCATION | G1: REMARKS
A2: CUST-75-001 | B2: Cast Iron, Globe valve STR 5K60A for MGPS | C2: Special Assigned | D2: PCS | E2: 0 | F2: DECK STORE
A3: CUST-75-002 | B3: GLOBE VALVE, CAT IRON, 16K / 25. | C3: Special Assigned | D3: PCS | E3: 0 | F3: DECK STORE
A4: CUST-75-003 | B4: Hatch cover drain valve ,type : MCG 12030 | C4: Special Assigned | D4: PCS | E4: 0 | F4: DECK STORE
A5: CUST-75-004 | B5: Non Return Valve for wastafel galley 1/2" | C5: Special Assigned | D5: PCS | E5: 0 | F5: DECK STORE
A6: CUST-75-005 | B6: Pneumatic operation piston valve | C6: Special Assigned | D6: PCS | E6: 0 | F6: DECK STORE
A7: 750122 | B7: Sea water cooling stop valve for Rudder Neck Bearing | C7: Standard IMPA | D7: PCS | E7: 0 | F7: DECK STORE
A8: 750123 | B8: GLOBE VALVE, BRONZE, 5KGF/CM2, JIS F-7301, 5K-25 | C8: Standard IMPA | D8: PCS | E8: 0 | F8: DECK STORE
A9: 750124 | B9: Filling Valve fresh water tank Port | C9: Standard IMPA | D9: PCS | E9: 0 | F9: DECK STORE
A10: 750155 | B10: JIS 16K-40A. Angle Valve | C10: Standard IMPA | D10: PCS | E10: 0 | F10: DECK STORE
A11: 750233 | B11: Steam inlet valve for FWD FO bunker tank Heating. | C11: Standard IMPA | D11: PCS | E11: 0 | F11: DECK STORE
A12: 750823 | B12: Intermediate steam valve for FWD FO Bunker tanks HS7V | C12: Standard IMPA | D12: PCS | E12: 0 | F12: DECK STORE
A13: 750904 | B13: Gate valve, cast steel, 10 kgf/cm2, JIS F-7366, 100mm | C13: Standard IMPA | D13: PCS | E13: 0 | F13: DECK STORE
... A36: 752412 | B36: BALL VALVE, STAINLESS STEEL SCREWED END BALL VALVES, SIZE=PT 3/8 | C36: Standard IMPA | D36: PCS | E36: 0 | F36: DECK STORE

Sheet 77_Bearings
A1: IMPA / ITEM CODE | B1: DESCRIPTION & ARTICLES | C1: CODE TYPE | D1: UNIT | E1: ON HAND QTY (ROB) | F1: LOCATION | G1: REMARKS
A2: CUST-77-001 | B2: Bearing Heater SKF TIH030 230v | C2: Special Assigned | D2: PCS | E2: 0 | F2: DECK STORE
A3: CUST-77-002 | B3: SKF 2306 | C3: Special Assigned | D3: PCS | E3: 0 | F3: DECK STORE
A4: CUST-77-003 | B4: SKF 307 EC | C4: Special Assigned | D4: PCS | E4: 0 | F4: DECK STORE
A5: CUST-77-004 | B5: SKF 7306 BEGAP | C5: Special Assigned | D5: PCS | E5: 0 | F5: DECK STORE
A6: CUST-77-005 | B6: SKF 7307 BEGAP | C6: Special Assigned | D6: PCS | E6: 0 | F6: DECK STORE
A7: CUST-77-006 | B7: SKF NKI 30/30 | C7: Special Assigned | D7: PCS | E7: 0 | F7: DECK STORE
A8: CUST-77-007 | B8: SKF NKI 55/35 | C8: Special Assigned | D8: PCS | E8: 0 | F8: DECK STORE
A9: 770204 | B9: 6203 | C9: Standard IMPA | D9: PCS | E9: 0 | F9: DECK STORE
A10: 770205 | B10: 6204 | C10: Standard IMPA | D10: PCS | E10: 0 | F10: DECK STORE
A11: 770219 | B11: 6218 | C11: Standard IMPA | D11: PCS | E11: 0 | F11: DECK STORE
A12: 770223 | B12: 6222 | C12: Standard IMPA | D12: PCS | E12: 0 | F12: DECK STORE
A13: 770236 | B13: 6205 ZZ | C13: Standard IMPA | D13: PCS | E13: 0 | F13: DECK STORE
... A47: 770847 | B47: 7316 | C47: Standard IMPA | D47: PCS | E47: 0 | F47: DECK STORE

Sheet 79_Electrical_Lighting
A1: IMPA / ITEM CODE | B1: DESCRIPTION & ARTICLES | C1: CODE TYPE | D1: UNIT | E1: ON HAND QTY (ROB) | F1: LOCATION | G1: REMARKS
A2: CUST-79-001 | B2: Ballast air ventilation, size : 250A | C2: Special Assigned | D2: PCS | E2: 0 | F2: DECK STORE
A3: CUST-79-002 | B3: Ballast air ventilation, size : 350A | C3: Special Assigned | D3: PCS | E3: 0 | F3: DECK STORE
A4: CUST-79-003 | B4: Battery +AA | C4: Special Assigned | D4: PCS | E4: 0 | F4: DECK STORE
A5: CUST-79-004 | B5: Battery AAA remote | C5: Special Assigned | D5: PCS | E5: 0 | F5: DECK STORE
A6: CUST-79-005 | B6: BOLA LAMPU NAVIGASI 220 VOLT, 60 WATT | C6: Special Assigned | D6: PCS | E6: 0 | F6: DECK STORE
A7: CUST-79-006 | B7: E 26 LED BULB LAMP 11 WATT ( PHILIPH ) | C7: Special Assigned | D7: PCS | E7: 0 | F7: DECK STORE
A8: CUST-79-007 | B8: Electronic Ballast 2 x TL-D 18 Watt 220 V. | C8: Special Assigned | D8: PCS | E8: 0 | F8: DECK STORE
A9: CUST-79-008 | B9: Fitting lamp for LED 220 Volt. | C9: Special Assigned | D9: PCS | E9: 0 | F9: DECK STORE
A10: CUST-79-009 | B10: FL 14 Watt cool daylight | C10: Special Assigned | D10: PCS | E10: 0 | F10: DECK STORE
A11: CUST-79-010 | B11: Halogen Lamp 150 Watt warm white | C11: Special Assigned | D11: PCS | E11: 0 | F11: DECK STORE
A12: CUST-79-011 | B12: LAMPU LED 220 V, 9 WATT | C12: Special Assigned | D12: PCS | E12: 0 | F12: DECK STORE
A13: CUST-79-012 | B13: LAMPU TL 18 WATT | C13: Special Assigned | D13: PCS | E13: 0 | F13: DECK STORE
... A148: 797344 | B148: FUSE, Type Cellolife fuse UC-1 AC 500V/DC250v, 10A, ACL50/DCl20 Diagram A. 50mm | C148: Standard IMPA | D148: PCS | E148: 0 | F148: DECK STORE

Sheet 81_Packing_Adhesives
A1: IMPA / ITEM CODE | B1: DESCRIPTION & ARTICLES | C1: CODE TYPE | D1: UNIT | E1: ON HAND QTY (ROB) | F1: LOCATION | G1: REMARKS
A2: CUST-81-001 | B2: 10K-100A | C2: Special Assigned | D2: PCS | E2: 0 | F2: DECK STORE
A3: CUST-81-002 | B3: 10K-150A | C3: Special Assigned | D3: PCS | E3: 0 | F3: DECK STORE
A4: CUST-81-003 | B4: 10K-15A | C4: Special Assigned | D4: PCS | E4: 0 | F4: DECK STORE
A5: CUST-81-004 | B5: 10K-25A | C5: Special Assigned | D5: PCS | E5: 0 | F5: DECK STORE
A6: CUST-81-005 | B6: 10K-85A | C6: Special Assigned | D6: PCS | E6: 0 | F6: DECK STORE
A7: CUST-81-006 | B7: 20K-100A | C7: Special Assigned | D7: PCS | E7: 0 | F7: DECK STORE
A8: CUST-81-007 | B8: 20K-125A | C8: Special Assigned | D8: PCS | E8: 0 | F8: DECK STORE
A9: CUST-81-008 | B9: 20K-150A | C9: Special Assigned | D9: PCS | E9: 0 | F9: DECK STORE
A10: CUST-81-009 | B10: 20K-15A | C10: Special Assigned | D10: PCS | E10: 0 | F10: DECK STORE
A11: CUST-81-010 | B11: 20K-20A | C11: Special Assigned | D11: PCS | E11: 0 | F11: DECK STORE
A12: CUST-81-011 | B12: 20K-32A | C12: Special Assigned | D12: PCS | E12: 0 | F12: DECK STORE
A13: CUST-81-012 | B13: 20K-50A | C13: Special Assigned | D13: PCS | E13: 0 | F13: DECK STORE
... A137: 815009 | B137: Watertight rubber door packing, size : W 40mm x T 20mm x L 10 mtr | C137: Standard IMPA | D137: PCS | E137: 0 | F137: DECK STORE

Sheet 83_Welding_Unitor
A1: IMPA / ITEM CODE | B1: DESCRIPTION & ARTICLES | C1: CODE TYPE | D1: UNIT | E1: ON HAND QTY (ROB) | F1: LOCATION | G1: REMARKS
A2: 830306 | B2: Socket Reverse Flow prevention AS-2 Hose end 3/8" for Acetylene | C2: Standard IMPA | D2: PCS | E2: 0 | F2: DECK STORE
A3: 830307 | B3: Plug Reverse Flow prevention AP-2 Hose end 3/8" for Oxygen | C3: Standard IMPA | D3: PCS | E3: 0 | F3: DECK STORE
A4: 831901 | B4: 150LB A300(12") SUS 316 | C4: Standard IMPA | D4: PCS | E4: 0 | F4: DECK STORE

Sheet 85_Welding_Electrodes
A1: IMPA / ITEM CODE | B1: DESCRIPTION & ARTICLES | C1: CODE TYPE | D1: UNIT | E1: ON HAND QTY (ROB) | F1: LOCATION | G1: REMARKS
A2: CUST-85-001 | B2: Electrode holders, type : Grip, Capacity 800 Amp | C2: Special Assigned | D2: PCS | E2: 0 | F2: DECK STORE
A3: 850192 | B3: Oxygen Regulator with Female Thread 22 x 14 | C3: Standard IMPA | D3: PCS | E3: 0 | F3: DECK STORE
A4: 850192 | B4: REGULATOR,FOR OXYGEN, 22 X 14 MM, FEMALE | C4: Standard IMPA | D4: PCS | E4: 0 | F4: DECK STORE
A5: 850193 | B5: REGULATOR, FOR ACETYLENE, CLAMP | C5: Standard IMPA | D5: PCS | E5: 0 | F5: DECK STORE
A6: 850251 | B6: Refrigrant 404 A, @ 13 Kg/Btl, for Air Cond. & Prov. Reffr. Machine | C6: Standard IMPA | D6: PCS | E6: 0 | F6: DECK STORE
A7: 850261 | B7: Gas Cutting Torch Spare Nozzle No. 3, capacity 15-30 mm | C7: Standard IMPA | D7: PCS | E7: 0 | F7: DECK STORE
A8: 850301 | B8: Socket Reverse Flow prevention AS-1 Hose end 1/4" for Oxygen | C8: Standard IMPA | D8: PCS | E8: 0 | F8: DECK STORE
A9: 850302 | B9: Plug Reverse Flow prevention AP-1 Hose end 1/4" for Oxygen | C9: Standard IMPA | D9: PCS | E9: 0 | F9: DECK STORE
A10: 850462 | B10: Flux Coated Silver Solder 2.0 mm | C10: Standard IMPA | D10: PCS | E10: 0 | F10: DECK STORE
A11: 850462 | B11: FLUX COATED SILVER SOLDER, DIA=2.0, LENGTH=450MM, FOR JOINING ALL FERROUS AND COPPER METAL, STEEL CASTINGS, ETC. | C11: Standard IMPA | D11: PCS | E11: 0 | F11: DECK STORE
A12: 850482 | B12: WELDING FLUXES, FOR COPPER WELDING | C12: Standard IMPA | D12: PCS | E12: 0 | F12: DECK STORE
A13: 850731 | B13: Electrodes, C-1N for welding cast iron | C13: Standard IMPA | D13: PCS | E13: 0 | F13: DECK STORE
... A45: 851581 | B45: Span Gases, 4 Gas Mixtures. 2.5%(50%LEL) Methane, 50PPM Carbon Monoxide, 25PPM Hydrogen Sulphide, 12% Oxygen, Balance Nitrogen. Cyl 1.2 Cu.Ft., 34 ltr, 500PSIG @ 70 deg F | C45: Standard IMPA | D45: PCS | E45: 0 | F45: DECK STORE

Sheet 87_Welfare_Equip
A1: IMPA / ITEM CODE | B1: DESCRIPTION & ARTICLES | C1: CODE TYPE | D1: UNIT | E1: ON HAND QTY (ROB) | F1: LOCATION | G1: REMARKS
A2: 871802 | B2: anti splashing tape, 50mm x 10 mtr | C2: Standard IMPA | D2: PCS | E2: 0 | F2: DECK STORE

Sheet 99_Custom_Uncoded
A1: IMPA / ITEM CODE | B1: DESCRIPTION & ARTICLES | C1: CODE TYPE | D1: UNIT | E1: ON HAND QTY (ROB) | F1: LOCATION | G1: REMARKS
A2: CUST-99-001 | B2: Air hose 1/2 " | C2: Special Assigned | D2: PCS | E2: 0 | F2: DECK STORE
A3: CUST-99-002 | B3: Ball Point Black Pilot | C3: Special Assigned | D3: PCS | E3: 0 | F3: DECK STORE
A4: CUST-99-003 | B4: Ball Point Blue Pilot | C4: Special Assigned | D4: PCS | E4: 0 | F4: DECK STORE
A5: CUST-99-004 | B5: BATERRY SART NO 1 MAKER : JRC MODEL : JQX - 30A | C5: Special Assigned | D5: PCS | E5: 0 | F5: DECK STORE
A6: CUST-99-005 | B6: BATERRY SART NO 2 MAKER : JRC MODEL : JQX - 30A | C6: Special Assigned | D6: PCS | E6: 0 | F6: DECK STORE
A7: CUST-99-006 | B7: Blender Besar | C7: Special Assigned | D7: PCS | E7: 0 | F7: DECK STORE
A8: CUST-99-007 | B8: BOTTLE SAMPLING FOR FO, 500 ML | C8: Special Assigned | D8: PCS | E8: 0 | F8: DECK STORE
A9: CUST-99-008 | B9: Cable 2 Core and Ground 2.5 mm | C9: Special Assigned | D9: PCS | E9: 0 | F9: DECK STORE
A10: CUST-99-009 | B10: COPASLIP(MOLYSLIP) 500G, HIGH TEMPERATURE, ANTI-SEIZE COMPOUND | C10: Special Assigned | D10: PCS | E10: 0 | F10: DECK STORE
A11: CUST-99-010 | B11: Cutton Rag | C11: Special Assigned | D11: PCS | E11: 0 | F11: DECK STORE
A12: CUST-99-011 | B12: Deep Fryer (Penggorengan) include trafo 380v to 220v | C12: Special Assigned | D12: PCS | E12: 0 | F12: DECK STORE
A13: CUST-99-012 | B13: Display book with plastic holder A4 20 seet | C13: Special Assigned | D13: PCS | E13: 0 | F13: DECK STORE
... A101: 841901 | B101: 150LB A400(16") SUS 316 | C101: Standard IMPA | D101: PCS | E101: 0 | F101: DECK STORE
